{
  "train_loss": [
    3.5552546296794545,
    1.824380286731868,
    0.737085570497994,
    0.08602900394380798,
    0.007176127687677914,
    0.03127310055876059,
    0.0080894537281136,
    0.025990996944880853,
    0.04492238159082917,
    0.05156332335335985,
    0.049590806748352326,
    0.048307604953065984,
    0.052875024590569523,
    0.057915055326271024,
    0.05290751169439881,
    0.057574999513495366,
    0.05805469853984036,
    0.05675627429726932,
    0.06345993952465388,
    0.05555266384773735,
    0.051249850212668896,
    0.0600188176854568,
    0.05803014574439272,
    0.058991077509794314,
    0.06175314179795864,
    0.05639259280882689,
    0.050837453218279954,
    0.05221004801467513,
    0.06106158431989291,
    0.06986489977452959,
    0.061880691503239174,
    0.05645162365573561,
    0.05844439068267718,
    0.0619822517886356,
    0.06394236629176739,
    0.0585654789379515,
    0.06817120868522827,
    0.05394997917074318,
    0.05341008121331433,
    0.06297057398533942,
    0.06423075384006703,
    0.06239350803870761,
    0.06192765353312737,
    0.0655221805119084,
    0.0616419140177253,
    0.05156385606750816,
    0.07082251110379484,
    0.06096053589894176,
    0.06363627792831636,
    0.058270605984562567
  ],
  "val_loss": [
    2.7764573365190524,
    2.6326059656122074,
    2.9576300417260724,
    3.7855908764812507,
    4.676648995402771,
    5.530985371558761,
    6.070249574632631,
    6.166561207559043,
    6.323955399175065,
    6.351305433707481,
    6.517731702534324,
    6.5770681578948205,
    6.78650815241581,
    6.7690299373800515,
    6.901616370479032,
    7.02436801398847,
    7.201304259789737,
    7.193067937772305,
    7.232782008363271,
    7.253673045408924,
    7.407586069889284,
    7.384445389306784,
    7.468764385214108,
    7.59866215327603,
    7.7302036597377795,
    7.834653218180358,
    7.924623893678105,
    7.895093611976913,
    7.981469759312792,
    7.971030426289525,
    8.041913165915036,
    8.149137406156264,
    8.143676712202968,
    8.236698889627641,
    8.230410046651546,
    8.227781625411023,
    8.31142859937172,
    8.455843404887323,
    8.4600841820012,
    8.550028771278727,
    8.739640098500752,
    8.58207354934862,
    8.727550373009144,
    8.687141836759968,
    8.66498951091269,
    8.721120309964252,
    8.717525891675294,
    8.8177396035186,
    8.841643646307139,
    8.911376187533413
  ]
}